{"cameraMode":{"drawMode":0,"name":"Shaded","section":"Shading Mode"},"sceneLighting":true,"audioPlay":false,"sceneViewState":{"m_AlwaysRefresh":false,"showFog":true,"showSkybox":true,"showFlares":true,"showImageEffects":true,"showParticleSystems":true,"showVisualEffectGraphs":true,"m_FxEnabled":true},"in2DMode":false,"pivot":{"x":666.380615234375,"y":-97.44674682617188,"z":10.165510177612305},"rotation":{"x":-0.0002468641032464802,"y":0.9982632398605347,"z":-0.05877523869276047,"w":-0.0041917311027646069},"size":500.73388671875,"orthographic":false}