{"cameraMode":{"drawMode":0,"name":"Shaded","section":"Shading Mode"},"sceneLighting":true,"audioPlay":false,"sceneViewState":{"m_AlwaysRefresh":false,"showFog":true,"showSkybox":true,"showFlares":true,"showImageEffects":true,"showParticleSystems":true,"showVisualEffectGraphs":true,"m_FxEnabled":true},"in2DMode":false,"pivot":{"x":828.148681640625,"y":-107.57157897949219,"z":-17.962976455688478},"rotation":{"x":0.004775278735905886,"y":0.9951844215393066,"z":-0.06458795815706253,"w":0.07357927411794663},"size":532.5718383789063,"orthographic":false}