{"cameraMode":{"drawMode":0,"name":"Shaded","section":"Shading Mode"},"sceneLighting":true,"audioPlay":false,"sceneViewState":{"m_AlwaysRefresh":false,"showFog":true,"showSkybox":true,"showFlares":true,"showImageEffects":true,"showParticleSystems":true,"showVisualEffectGraphs":true,"m_FxEnabled":true},"in2DMode":false,"pivot":{"x":463.90777587890627,"y":22.6119441986084,"z":557.1433715820313},"rotation":{"x":-0.006271928083151579,"y":-0.9285898208618164,"z":0.3707815110683441,"w":-0.015677830204367639},"size":15.138729095458985,"orthographic":true}