{"cameraMode":{"drawMode":0,"name":"Shaded","section":"Shading Mode"},"sceneLighting":true,"audioPlay":false,"sceneViewState":{"m_AlwaysRefresh":false,"showFog":true,"showSkybox":true,"showFlares":true,"showImageEffects":true,"showParticleSystems":true,"showVisualEffectGraphs":true,"m_FxEnabled":true},"in2DMode":false,"pivot":{"x":1024.3350830078125,"y":-161.34762573242188,"z":31.889312744140626},"rotation":{"x":0.046331051737070087,"y":0.9121114611625671,"z":-0.10748520493507385,"w":0.39296138286590578},"size":534.8607177734375,"orthographic":false}